{"title":"About","tags":[],"company_stat":{"title":"Corporate is a sleek theme that will fit your purposes","content":"Lorem ipsum dolor sit amet, consectetur adipiscing elit. Fusce commodo dui dui, quis scelerisque massa placerat eu. Donec nunc nibh, malesuada non enim non, fermentum lobortis magna. Quisque vitae mollis quam, a feugiat odio. Proin id lorem mollis, mollis.","company_secondary_color_scheme":{"text_color":"","background_color":""}},"features":[{"title":"Fast Support","description":"Lorem ipsum dolor sit amet, consectetur adipiscing elit. Curabitur nunc justo, ultrices quis consequat nec, sodales non tortor. Pellentesque porttitor."},{"title":"Secure Bitcoins","description":"Integer sed feugiat nisi. Nulla pharetra in lacus in egestas. Mauris consectetur, elit congue placerat volutpat, ipsum velit blandit justo, sed imperdiet."},{"title":"Happy Life","description":"Sed sollicitudin libero nisl, in vehicula lorem blandit sit amet. Duis vel sapien sed lacus posuere varius ut vel dolor. Donec ut odio sagittis mi fringilla."}],"team":{"title":"Our Team","team_member":[{"image":{"uid":"blt6c1d03ceda78cb25","created_at":"2017-12-22T10:39:48.735Z","updated_at":"2017-12-22T10:39:48.735Z","created_by":"sys_blt815d4d2116f9864d","updated_by":"sys_blt815d4d2116f9864d","content_type":"image/png","file_size":"56229","tags":[],"filename":"Blog_pic1.png","url":"https://images.contentstack.io/v3/assets/bltab63c0297061c669/blt6c1d03ceda78cb25/5a3ce0f4771911443e2b77a5/Blog_pic1.png","ACL":[],"is_dir":false,"_version":1,"title":"Blog_pic1.png"},"name":"Someone Unknown","designation":"CEO","description":"<p>Lorem ipsum dolor sit amet, consectetur adipiscing elit. Donec a augue bibendum, convallis tortor sed, porta risus. Phasellus condimentum suscipit nibh.</p>","social_site":"<a href=\"#\">facebook</a><br>\n<a href=\"#\">twitter</a><br>\n<a href=\"#\">pinterest</a>"},{"image":{"uid":"blt24ae993a1a01ae2b","created_at":"2017-12-22T10:39:51.596Z","updated_at":"2017-12-22T10:39:51.596Z","created_by":"sys_blt815d4d2116f9864d","updated_by":"sys_blt815d4d2116f9864d","content_type":"image/png","file_size":"45331","tags":[],"filename":"Blog_pic.png","url":"https://images.contentstack.io/v3/assets/bltab63c0297061c669/blt24ae993a1a01ae2b/5a3ce0f7601bd58f3e75dbdb/Blog_pic.png","ACL":[],"is_dir":false,"_version":1,"title":"Blog_pic.png"},"name":"Someone Unknown","designation":"CFO","description":"<p>Duis fringilla scelerisque erat et venenatis. Duis eu ligula non mauris blandit ultricies ac sed dui. Nullam odio nunc, porta vel sollicitudin a, convallis non.</p>","social_site":"<a href=\"#\">facebook</a><br>\n<a href=\"#\">twitter</a><br>\n<a href=\"#\">pinterest</a>"},{"image":{"uid":"bltc33214b3b0b76cee","created_at":"2017-12-22T10:39:54.392Z","updated_at":"2017-12-22T10:39:54.392Z","created_by":"sys_blt815d4d2116f9864d","updated_by":"sys_blt815d4d2116f9864d","content_type":"image/png","file_size":"71260","tags":[],"filename":"background.png","url":"https://images.contentstack.io/v3/assets/bltab63c0297061c669/bltc33214b3b0b76cee/5a3ce0fab7397eca69bef435/background.png","ACL":[],"is_dir":false,"_version":1,"title":"background.png"},"name":"Someone Unknown","designation":"Designer","description":"<p>Sed consequat tristique purus et tincidunt. Donec volutpat risus lorem, auctor condimentum tellus sagittis non. Etiam viverra mi arcu. Fusce blandit.</p>","social_site":"<a href=\"#\">facebook</a><br>\n<a href=\"#\">twitter</a><br>\n<a href=\"#\">pinterest</a>"}]},"content":{"title":"Our company background","content":"<p><span style=\"background-color: initial;\">Lorem ipsum dolor sit amet, consectetur adipiscing elit. Vivamus imperdiet pulvinar risus, at posuere justo scelerisque sed. Vestibulum ante ipsum primis in faucibus orci luctus et ultrices posuere cubilia Curae.</span></p><p><span style=\"background-color: initial;\"></span>Vestibulum ullamcorper risus purus, at porttitor diam rhoncus id. Suspendisse tortor risus, consequat et urna varius, faucibus molestie lacus. Sed eu ligula porttitor, hendrerit mi vitae.</p><ul>\n\t<li>Lorem ipsum dolor sit amet, consectetur</li>\n\t<li>Suspendisse tristique velit vel ligula mattis</li>\n\t<li>Curabitur tincidunt iaculis est posuere</li>\n\t<li>Vestibulum vitae nibh elit phasellus sed</li>\n</ul>","image":[{"uid":"blt70815a28778c838e","created_at":"2017-12-22T10:39:41.012Z","updated_at":"2017-12-22T10:39:41.012Z","created_by":"sys_blt815d4d2116f9864d","updated_by":"sys_blt815d4d2116f9864d","content_type":"image/jpeg","file_size":"20610","tags":[],"filename":"about1.jpg","url":"https://images.contentstack.io/v3/assets/bltab63c0297061c669/blt70815a28778c838e/5a3ce0ed991cb25f406ccbfb/about1.jpg","ACL":[],"is_dir":false,"_version":1,"title":"about1.jpg"},{"uid":"blt8fb6ff0e01ad29ae","created_at":"2017-12-22T10:39:43.338Z","updated_at":"2017-12-22T10:39:43.338Z","created_by":"sys_blt815d4d2116f9864d","updated_by":"sys_blt815d4d2116f9864d","content_type":"image/jpeg","file_size":"33862","tags":[],"filename":"about3.jpg","url":"https://images.contentstack.io/v3/assets/bltab63c0297061c669/blt8fb6ff0e01ad29ae/5a3ce0ef5920b5a86984a5fb/about3.jpg","ACL":[],"is_dir":false,"_version":1,"title":"about3.jpg"},{"uid":"blt89c1786fd40349f9","created_at":"2017-12-22T10:39:45.887Z","updated_at":"2017-12-22T10:39:45.887Z","created_by":"sys_blt815d4d2116f9864d","updated_by":"sys_blt815d4d2116f9864d","content_type":"image/jpeg","file_size":"48795","tags":[],"filename":"about9.jpg","url":"https://images.contentstack.io/v3/assets/bltab63c0297061c669/blt89c1786fd40349f9/5a3ce0f1918ab8653eee488e/about9.jpg","ACL":[],"is_dir":false,"_version":1,"title":"about9.jpg"}]},"partner":[{"image":{"uid":"blt284dcb5771c5236a","created_at":"2017-12-22T10:36:43.972Z","updated_at":"2017-12-22T10:36:43.972Z","created_by":"sys_blt815d4d2116f9864d","updated_by":"sys_blt815d4d2116f9864d","content_type":"image/png","file_size":"8376","tags":[],"filename":"forged.png","url":"https://images.contentstack.io/v3/assets/bltab63c0297061c669/blt284dcb5771c5236a/5a3ce03b991cb25f406ccbe9/forged.png","ACL":[],"is_dir":false,"_version":1,"title":"forged.png"}},{"image":{"uid":"bltc6cca8c59e1c27d5","created_at":"2017-12-22T10:36:46.254Z","updated_at":"2017-12-22T10:36:46.254Z","created_by":"sys_blt815d4d2116f9864d","updated_by":"sys_blt815d4d2116f9864d","content_type":"image/png","file_size":"20114","tags":[],"filename":"hamburger.png","url":"https://images.contentstack.io/v3/assets/bltab63c0297061c669/bltc6cca8c59e1c27d5/5a3ce03ef7759eed69aa1d00/hamburger.png","ACL":[],"is_dir":false,"_version":1,"title":"hamburger.png"}},{"image":{"uid":"bltb03eb06b5b842a34","created_at":"2017-12-22T10:36:48.668Z","updated_at":"2017-12-22T10:36:48.668Z","created_by":"sys_blt815d4d2116f9864d","updated_by":"sys_blt815d4d2116f9864d","content_type":"image/png","file_size":"10181","tags":[],"filename":"mcqueen.png","url":"https://images.contentstack.io/v3/assets/bltab63c0297061c669/bltb03eb06b5b842a34/5a3ce040bcb792f869d6b45d/mcqueen.png","ACL":[],"is_dir":false,"_version":1,"title":"mcqueen.png"}},{"image":{"uid":"bltc84df2072717caba","created_at":"2017-12-22T10:36:51.303Z","updated_at":"2017-12-22T10:36:51.303Z","created_by":"sys_blt815d4d2116f9864d","updated_by":"sys_blt815d4d2116f9864d","content_type":"image/png","file_size":"11289","tags":[],"filename":"pacific-coast.png","url":"https://images.contentstack.io/v3/assets/bltab63c0297061c669/bltc84df2072717caba/5a3ce043598ab8453e06fe3c/pacific-coast.png","ACL":[],"is_dir":false,"_version":1,"title":"pacific-coast.png"}}],"url":"/about","seo":{"title":"Corporate About","description":"Corporate about is simply dummy text of the printing and typesetting industry.","keywords":"About"},"locale":"en-us","partner_secondary_color_scheme":{"background_color":""},"uid":"blt1b1e734c71ad89d4","created_by":"sys_blt815d4d2116f9864d","updated_by":"sys_blt815d4d2116f9864d","created_at":"2017-12-22T10:40:45.470Z","updated_at":"2017-12-22T10:40:45.470Z","_version":1}