{"title":"Contact","url":"/contact","contact_details":[{"title":"Address","details":"<p>Corporate Plaza<br>\n</p><p>Suit 4032<br>\n</p><p>San Francisco, CA\n</p>"},{"title":"Contact Us","details":"<p>Phone: +1.415.255.5955\n</p>\n<p><a href=\"mailto:info@corporate.com\">info@corporate.com</a><br>\n</p>\n<p><a href=\"mailto:support@corporate.com\">support@corporate.com</a><br>\n</p>"}],"tags":[],"map":"<iframe src=\"https://www.google.com/maps/embed?pb=!1m14!1m8!1m3!1d25230.57852400951!2d-122.4288939!3d37.7707643!3m2!1i1024!2i768!4f13.1!3m3!1m2!1s0x80859a6d00690021%3A0x4a501367f076adff!2sSan+Francisco%2C+CA%2C+USA!5e0!3m2!1sen!2sin!4v1469085367370\" width=\"100%\" height=\"350\" frameborder=\"0\" style=\"border:0\" allowfullscreen></iframe>","seo":{"title":"Corporate Contact","description":"Corporate contact is simply dummy text of the printing and typesetting industry.","keywords":"Contact"},"locale":"en-us","uid":"blt76b9c465224c507c","created_by":"sys_blt815d4d2116f9864d","updated_by":"sys_blt815d4d2116f9864d","created_at":"2017-12-22T10:40:39.722Z","updated_at":"2017-12-22T10:40:39.722Z","_version":1}