{"title":"FAQ","url":"/faq","abstract":"In this section of the site we answer the most popular questions that our customers have about our products. If you can't find the answer here don't hesitate to <a href=\"/contact\">contact us.</a>","common_queries":[{"answer":"<p>Sed posuere enim risus, sed hendrerit ante adipiscing non. Donec laoreet tempor massa, vitae porta magna adipiscing nec. Nunc lobortis quis odio vel rhoncus. Morbi et purus eu velit ullamcorper posuere. Fusce dictum orci ac metus dapibus varius.</p>","question":"Q1 - What is the cost of the overall service?"},{"answer":"<p>Suspendisse ultricies porttitor odio, in dictum nibh eleifend ac. Pellentesque quam leo, ultricies ut dui in, porttitor ullamcorper ligula. Donec sollicitudin lectus non sapien pretium accumsan non vitae nulla. Curabitur aliquam ac sem sed viverra. Praesent in quam mi. Phasellus congue, nisl et consequat porttitor, nunc lectus consequat lectus, a eleifend magna magna in orci. Ut viverra nibh ut facilisis luctus. Cras molestie justo id fermentum vestibulum. Maecenas in lorem ac felis tristique tristique. Integer in ligula quis lacus rutrum eleifend sit amet ut ipsum.</p>","question":"Q2 - Can I purchase the product by parts?"},{"answer":"<p>Aliquam rhoncus scelerisque diam, ut consectetur lectus dignissim a. Sed pharetra convallis arcu. Nunc sit amet lorem mauris.</p>","question":"Q3 - What kind of support do you offer?"},{"answer":"<p>Phasellus congue, nisl et consequat porttitor, nunc lectus consequat lectus, a eleifend magna magna in orci. Ut viverra nibh ut facilisis luctus. Cras molestie justo id fermentum vestibulum. Maecenas in lorem ac felis tristique tristique. Integer in ligula quis lacus rutrum eleifend.</p>","question":"Q4 - Am I going to be happy?"},{"answer":"<p><span style=\"color: rgb(119, 119, 119); font-family: Lato, sans-serif; font-size: 16px; line-height: 25.6px; background-color: initial;\">Leggings occaecat craft beer farm-to-table, raw denim aesthetic synth nesciunt you probably haven't heard of them accusamus labore sustainable VHS. Anim pariatur cliche reprehenderit, enim eiusmod high life accusamus terry richardson ad squid. 3 wolf moon officia aute, non cupidatat skateboard dolor brunch.</span></p>","question":"Q5-Do I need another license to use the theme again?"},{"answer":"<p>Anim pariatur cliche reprehenderit, enim eiusmod high life accusamus terry richardson ad squid. 3 wolf moon officia aute, non cupidatat skateboard dolor brunch. Food truck quinoa nesciunt laborum eiusmod. Brunch 3 wolf moon tempor, sunt aliqua put a bird on it squid single-origin coffee nulla assumenda shoreditch et.</p>","question":"Q6 -Can I use several domains?"},{"answer":"<p>Nihil anim keffiyeh helvetica, craft beer labore wes anderson cred nesciunt sapiente ea proident. Ad vegan excepteur butcher vice lomo. Leggings occaecat craft beer farm-to-table, raw denim aesthetic synth nesciunt you probably haven't heard of them accusamus labore sustainable VHS.</p>","question":"Q7 -Can I resell the theme with changes?"},{"answer":"<p>Anim pariatur cliche reprehenderit, enim eiusmod high life accusamus terry richardson ad squid. 3 wolf moon officia aute, non cupidatat skateboard dolor brunch. Food truck quinoa nesciunt laborum eiusmod. Brunch 3 wolf moon tempor, sunt aliqua put a bird on it squid single-origin coffee nulla assumenda shoreditch et. Nihil anim keffiyeh helvetica, craft beer labore wes anderson cred nesciunt sapiente ea proident. Ad vegan excepteur butcher vice lomo. Leggings occaecat craft beer farm-to-table, raw denim aesthetic synth nesciunt you probably haven't heard of them accusamus labore sustainable VHS.</p>","question":"Q8 -Will I have free updates?"},{"answer":"<p>Food truck quinoa nesciunt laborum eiusmod. Brunch 3 wolf moon tempor, sunt aliqua put a bird on it squid single-origin coffee nulla assumenda shoreditch et. Nihil anim keffiyeh helvetica, craft beer labore wes anderson cred nesciunt sapiente ea proident. Ad vegan excepteur butcher vice lomo. Leggings occaecat craft beer farm-to-table, raw denim aesthetic synth nesciunt you probably haven't heard of them accusamus labore sustainable VHS.</p>","question":"Q9 -When do I have to pay for updates?"}],"tags":[],"seo":{"keywords":"faq","description":"Corporate faq is simply dummy text of the printing and typesetting industry.","title":"Corporate FAQ"},"locale":"en-us","uid":"bltb66a2094d6dd09dc","created_by":"sys_blt815d4d2116f9864d","updated_by":"sys_blt815d4d2116f9864d","created_at":"2017-12-22T10:40:41.625Z","updated_at":"2017-12-22T10:40:41.625Z","_version":1}