{"title":"Footer","address_block":[{"font_awesome_class":"fa-map-marker","address":"Corporate Plaza<br>\nSan Francisco, CA"},{"font_awesome_class":"fa-envelope-o","address":"<a href=\"mailto:info@corporate.com\">info@corporate.com</a><br>\n<a href=\"mailto:support@corporate.com\">support@corporate.com</a>"},{"font_awesome_class":"fa-phone","address":"Phone: +1.000.000.0000<br>"}],"copyright":"Corporate theme was developed by <a href=\"#\">corporate.com</a>","tags":[],"social_icon":[{"font_awesome_class":"fa-facebook","url":"#"},{"font_awesome_class":"fa-twitter","url":"#"},{"font_awesome_class":"fa-linkedin","url":"#"},{"font_awesome_class":"fa-pinterest-p","url":"#"},{"font_awesome_class":"fa-vimeo","url":"#"},{"font_awesome_class":"fa-dribbble","url":"#"},{"font_awesome_class":"fa-github","url":"#"}],"locale":"en-us","footer_secondary_color_scheme":{"background_color":""},"uid":"blt20d8554eb49b8d08","created_by":"sys_blt815d4d2116f9864d","updated_by":"sys_blt815d4d2116f9864d","created_at":"2017-12-22T10:40:43.555Z","updated_at":"2017-12-22T10:40:43.555Z","_version":1}