{
    "title": "Header",
    "main_menu": [
        {
            "title": "Home",
            "url": "/",
            "sub_menu": []
        },
        {
            "title": "About",
            "url": "/about",
            "sub_menu": []
        },
        {
            "title": "Pages",
            "url": "#",
            "sub_menu": [
                {
                    "title": "Services",
                    "url": "/services"
                },
                {
                    "title": "FAQ",
                    "url": "/faq"
                }
            ]
        },
        {
            "title": "Contact",
            "url": "/contact",
            "sub_menu": []
        }
    ],
    "tags": [],
    "logo": {
        "uid": "blt922f8ef4894ad729",
        "created_at": "2017-12-22T10:35:46.772Z",
        "updated_at": "2017-12-22T10:35:46.772Z",
        "created_by": "sys_blt815d4d2116f9864d",
        "updated_by": "sys_blt815d4d2116f9864d",
        "content_type": "image/png",
        "file_size": "10200",
        "tags": [],
        "filename": "Corparate_logo.png",
        "url": "https://images.contentstack.io/v3/assets/bltab63c0297061c669/blt922f8ef4894ad729/5a3ce002cd4dc5fe3ff73a28/Corparate_logo.png",
        "ACL": [],
        "is_dir": false,
        "_version": 1,
        "title": "Corparate_logo.png"
    },
    "link": "/",
    "locale": "en-us",
    "header_secondary_color_scheme": {
        "text_color": "#008000",
        "background_color": ""
    },
    "favicon_image": {
        "uid": "bltd3a5c10a6862bdec",
        "created_at": "2017-12-22T10:40:16.418Z",
        "updated_at": "2017-12-22T10:40:16.418Z",
        "created_by": "sys_blt815d4d2116f9864d",
        "updated_by": "sys_blt815d4d2116f9864d",
        "content_type": "image/png",
        "file_size": "1193",
        "tags": [],
        "filename": "amp_med.png",
        "url": "https://images.contentstack.io/v3/assets/bltab63c0297061c669/bltd3a5c10a6862bdec/5a3ce110fa79c82540df8680/amp_med.png",
        "ACL": [],
        "is_dir": false,
        "_version": 1,
        "title": "amp_med.png"
    },
    "uid": "blt6f9625b968b3e9c8",
    "created_by": "sys_blt815d4d2116f9864d",
    "updated_by": "sys_blt815d4d2116f9864d",
    "created_at": "2017-12-22T10:40:49.704Z",
    "updated_at": "2017-12-22T10:40:49.704Z",
    "_version": 1
}