{"title":"Home","url":"/","tags":[],"features":[{"title":"Great Support","font_awesome_class":"fa-compass","description":"<p>Nunc et nunc ac nibh interdum mattis. Duis et turpis a lorem pellentesque rutrum quis ac dolor. Fusce vitae nibh semper. Aliquam erat volutpat.</p>"},{"title":"Clean Code","font_awesome_class":"fa-code","description":"<p><span style=\"color: rgb(119, 119, 119); font-family: Lato, sans-serif; font-size: 16px; line-height: 25.6px; background-color: initial;\">Morbi aliquet sagittis dapibus. Ut ullamcorper elit diam, ac blandit nunc dignissim vitae top potenti. Donec hendrerit dolor. Vestibulum ante ipsum.</span></p>"},{"title":"We are Everywhere","font_awesome_class":"fa-globe","description":"<p><span style=\"color: rgb(119, 119, 119); font-family: Lato, sans-serif; font-size: 16px; line-height: 25.6px; background-color: initial;\">Fusce tincidunt ligula mi, et ornare turpis rhoncus sed. Sed lobortis mauris vitae consectetur. Quisque at elit et mi. Nullam id pulvinar massa.</span></p>"}],"purchase":{"title":"What are you waiting for?","purchase_secondary_color_scheme":{"text_color":"","background_color":""},"cta":{"title":"Purchase","link":"#","open_in_new_tab_":false}},"services":{"title":"Our services","content":"<p>Lorem ipsum dolor sit amet, consectetur adipiscing elit. Donec ut ipsum mauris. Fusce condimentum mollis eros vitae facilisis. Praesent gravida dignissim felis, id sagittis mauris rutrum non. Nullam pretium id sem ut hendrerit.\n</p>","image":{"uid":"blt81f1be39ce80f6fa","created_at":"2017-12-22T10:39:56.744Z","updated_at":"2017-12-22T10:39:56.744Z","created_by":"sys_blt815d4d2116f9864d","updated_by":"sys_blt815d4d2116f9864d","content_type":"image/jpeg","file_size":"27241","tags":[],"filename":"service.jpg","url":"https://images.contentstack.io/v3/assets/bltab63c0297061c669/blt81f1be39ce80f6fa/5a3ce0fc2a538259400344c9/service.jpg","ACL":[],"is_dir":false,"_version":1,"title":"service.jpg"},"service_details":[{"title":"Easy to Use","font_awesome_class":"fa-coffee","description":"Mauris ultricies non metus in pellentesque. Aenean ullamcorper urna tempor ante."},{"title":"Great Performance","font_awesome_class":"fa-fighter-jet","description":"Praesent vestibulum purus in risus hendrerit elementum. Integer nec placerat tortor."},{"title":"Fast Delivery","font_awesome_class":"fa-clock-o","description":"Nam laoreet nibh sollicitudin sollicitudin dictum. Aliquam ultrices rutrum elit."},{"title":"Clean Code","font_awesome_class":"fa-file-code-o","description":"Etiam est odio, condimentum ac ullamcorper eget, fermentum vitae nulla. Nullam."},{"title":"Works Everywhere","font_awesome_class":"fa-paper-plane-o","description":"Vestibulum sollicitudin rutrum dictum. Interdum et malesuada fames ac ante."},{"title":"Great Support","font_awesome_class":"fa-life-ring","description":"Nunc pulvinar vestibulum quam a commodo. Cras nec mi placerat, tristique leo at."}]},"support":{"collapsible_group":[{"title":"Collapsible Group Item #1","content":"<p>Anim pariatur cliche reprehenderit, enim eiusmod high life accusamus terry richardson ad squid. 3 wolf moon officia aute, non cupidatat skateboard dolor brunch. Food truck quinoa nesciunt laborum eiusmod. Curabitur non libero vitae nulla scelerisque consectetur in sed sapien.</p>"},{"title":"Collapsible Group Item #2","content":"<p>Anim pariatur cliche reprehenderit, enim eiusmod high life accusamus terry richardson ad squid. 3 wolf moon officia aute, non cupidatat skateboard dolor brunch. Food truck quinoa nesciunt laborum eiusmod. Nunc magna urna, consectetur eget magna ac, vulputate pellentesque lectus.</p>"},{"title":"Collapsible Group Item #3","content":"<p>Anim pariatur cliche reprehenderit, enim eiusmod high life accusamus terry richardson ad squid. 3 wolf moon officia aute, non cupidatat skateboard dolor brunch. Food truck quinoa nesciunt laborum eiusmod. Suspendisse scelerisque, urna ac porttitor blandit, velit velit consequat.</p>"}],"features":{"title":"Fast Support","description":"<p>Lorem ipsum dolor sit amet, consectetur adipiscing elit. Curabitur nunc justo, ultrices quis consequat nec, sodales non tortor. Pellentesque porttitor.\n</p><ul>\n\t<li>Lorem ipsum dolor sit amet, consectetur</li>\n\t<li>Suspendisse tristique velit vel ligula mattis</li>\n</ul><h5>Secure Payments</h5><p>Integer sed feugiat nisi. Nulla pharetra in lacus in egestas. Mauris consectetur, elit congue placerat volutpat, ipsum velit blandit justo, sed imperdiet.\n</p>"}},"work":{"title":"Our Work","description":"<p>Lorem ipsum dolor sit amet, consectetur adipiscing elit. Praesent mattis mauris eget bibendum adipiscing. Mauris erat quam, aliquam eu dolor et, facilisis scelerisque ante.\n</p>","cta":{"title":"All Works","href":"#"},"work_details":[{"title":"SAS","image":{"uid":"blt1ef665100d8e6e98","created_at":"2017-12-22T10:39:59.245Z","updated_at":"2017-12-22T10:39:59.245Z","created_by":"sys_blt815d4d2116f9864d","updated_by":"sys_blt815d4d2116f9864d","content_type":"image/jpeg","file_size":"40199","tags":[],"filename":"work5.jpg","url":"https://images.contentstack.io/v3/assets/bltab63c0297061c669/blt1ef665100d8e6e98/5a3ce0ff991cb25f406ccc01/work5.jpg","ACL":[],"is_dir":false,"_version":1,"title":"work5.jpg"},"date":"2016-07-14","cta":{"title":"Click to See More","link":"#","open_in_new_tab_":false}},{"title":"Product Design","image":{"uid":"blt8cbe1ed17e74f5d2","created_at":"2017-12-22T10:40:01.564Z","updated_at":"2017-12-22T10:40:01.564Z","created_by":"sys_blt815d4d2116f9864d","updated_by":"sys_blt815d4d2116f9864d","content_type":"image/jpeg","file_size":"27856","tags":[],"filename":"work3.jpg","url":"https://images.contentstack.io/v3/assets/bltab63c0297061c669/blt8cbe1ed17e74f5d2/5a3ce1015920b5a86984a601/work3.jpg","ACL":[],"is_dir":false,"_version":1,"title":"work3.jpg"},"date":"2016-07-11","cta":{"title":"click to see more","link":"#","open_in_new_tab_":false}},{"title":"Support","image":{"uid":"bltae72e685c2a802da","created_at":"2017-12-22T10:40:03.824Z","updated_at":"2017-12-22T10:40:03.824Z","created_by":"sys_blt815d4d2116f9864d","updated_by":"sys_blt815d4d2116f9864d","content_type":"image/jpeg","file_size":"40900","tags":[],"filename":"work1.jpg","url":"https://images.contentstack.io/v3/assets/bltab63c0297061c669/bltae72e685c2a802da/5a3ce103f7759eed69aa1d12/work1.jpg","ACL":[],"is_dir":false,"_version":1,"title":"work1.jpg"},"date":"2016-07-03","cta":{"title":"click to see more","link":"#","open_in_new_tab_":false}}]},"banner":{"background_image":{"uid":"bltbbcffc1b451e24d4","created_at":"2017-12-22T10:39:38.753Z","updated_at":"2017-12-22T10:39:38.753Z","created_by":"sys_blt815d4d2116f9864d","updated_by":"sys_blt815d4d2116f9864d","content_type":"image/jpeg","file_size":"107495","tags":[],"filename":"cbs-landing-page_banner.jpg","url":"https://images.contentstack.io/v3/assets/bltab63c0297061c669/bltbbcffc1b451e24d4/5a3ce0eac61d11204026947d/cbs-landing-page_banner.jpg","ACL":[],"is_dir":false,"_version":1,"title":"cbs-landing-page_banner.jpg"},"content":[{"title":"Welcome to Corporate site changes","cta":{"title":"About Us","link":"/about","open_in_new_tab_":false}},{"title":"Built to Perfection","cta":{"title":"Services","link":"/services","open_in_new_tab_":false}},{"title":"For Every Purpose","cta":{"title":"Contact Us","link":"/contact","open_in_new_tab_":false}}]},"testimonials":{"title":"We work for you with you","background_image":{"uid":"blt020ef013e688388b","created_at":"2017-12-22T10:40:06.721Z","updated_at":"2017-12-22T10:40:06.721Z","created_by":"sys_blt815d4d2116f9864d","updated_by":"sys_blt815d4d2116f9864d","content_type":"image/gif","file_size":"76747","tags":[],"filename":"wb.gif","url":"https://images.contentstack.io/v3/assets/bltab63c0297061c669/blt020ef013e688388b/5a3ce106c61d112040269483/wb.gif","ACL":[],"is_dir":false,"_version":1,"title":"wb.gif"},"testimony":[{"author":"Someone Unknown, Author","description":"<p>Lorem ipsum dolor sit amet, consectetur adipiscing elit. Praesent faucibus massa in mauris rhoncus aliquam. Suspendisse nec velit vestibulum, euismod quam id, pellentesque elit. Ut a interdum metus, vel dictum nibh.\n</p>"},{"author":"Someone Unknown, Author","description":"<p>Sed fringilla sem sed massa ullamcorper, vitae rutrum justo sodales. Cras sed iaculis enim. Sed aliquet viverra nisl a tristique. Curabitur vitae mauris sem. Pellentesque iaculis nibh leo, mattis aliquet arcu tincidunt at.\n</p>"},{"author":"Someone Unknown, Author","description":"<p>Cras adipiscing odio nunc, non laoreet urna suscipit ac. Pellentesque congue egestas risus viverra pharetra. Morbi pretium orci magna, vitae mattis nisl viverra eleifend. Vestibulum euismod erat non ligula hendrerit tincidunt.\n</p>"}],"testimonials_secondary_color_scheme":{"text_color":"","background_color":""}},"year_stats":{"title":"Last year stats","description":"<p>Lorem ipsum dolor sit amet, consectetur adipiscing elit. Vivamus sed nisl et arcu fringilla lobortis sed nec nulla. Ut sem elit, ullamcorper eget sagittis sit amet, dictum ut est. Fusce ultricies quam ut justo ornare venenatis.</p>","image":{"uid":"blt731829ca99ff0055","created_at":"2017-12-22T10:40:09.197Z","updated_at":"2017-12-22T10:40:09.197Z","created_by":"sys_blt815d4d2116f9864d","updated_by":"sys_blt815d4d2116f9864d","content_type":"image/jpeg","file_size":"48177","tags":[],"filename":"lasthome.jpg","url":"https://images.contentstack.io/v3/assets/bltab63c0297061c669/blt731829ca99ff0055/5a3ce109887445953ecdef40/lasthome.jpg","ACL":[],"is_dir":false,"_version":1,"title":"lasthome.jpg"}},"seo":{"title":"Corporate Home","description":"Lorem Ipsum is simply dummy text of the printing and typesetting industry.","keywords":"Home"},"locale":"en-us","uid":"blte3d2f7281c64b918","created_by":"sys_blt815d4d2116f9864d","updated_by":"sys_blt815d4d2116f9864d","created_at":"2017-12-22T10:40:51.645Z","updated_at":"2017-12-22T10:40:51.645Z","_version":1}