{"title":"Services","url":"/services","banner":{"background_image":{"uid":"blt8f748423eca2a4cb","created_at":"2017-12-22T10:40:11.492Z","updated_at":"2017-12-22T10:40:11.492Z","created_by":"sys_blt815d4d2116f9864d","updated_by":"sys_blt815d4d2116f9864d","content_type":"image/jpeg","file_size":"22564","tags":[],"filename":"services.jpg","url":"https://images.contentstack.io/v3/assets/bltab63c0297061c669/blt8f748423eca2a4cb/5a3ce10bf7759eed69aa1d18/services.jpg","ACL":[],"is_dir":false,"_version":1,"title":"services.jpg"},"title":"We love what we do","description":"We strive every day to deliver the best quality products and to please our clients. Your statisfaction is our duty, your success is our goal."},"services_list":[{"title":"Data Protection","font_awesome_class":"fa-umbrella","description":"Lorem ipsum dolor sit amet, consectetur adipiscing elit. In nec purus quam. Etiam ac ligula ut massa faucibus euismod non rhoncus libero."},{"title":"Mailing Lists","font_awesome_class":"fa-at","description":"Proin auctor nisl odio, at malesuada metus venenatis id. Etiam leo nunc, tristique porttitor magna ac, interdum pretium tortor. Vestibulum et."},{"title":"Website Optimization","font_awesome_class":"fa-fighter-jet","description":"Curabitur turpis nisi, placerat a dapibus ac, lobortis sed ipsum. Praesent commodo orci tincidunt, fringilla sapien et, ultricies massa. Pellentesque habitant."},{"title":"Responsive Designs","font_awesome_class":"fa-desktop","description":"Pellentesque massa dolor, rhoncus sit amet lorem ut, vestibulum condimentum nisl. Aenean ac libero est. Nulla eget leo rutrum, sagittis."},{"title":"Corporate Videos","font_awesome_class":"fa-video-camera","description":"Aenean orci libero, volutpat ac lectus eget, malesuada ullamcorper neque. Nam lacinia mauris risus, eget vestibulum nisi semper at. Sed pharetra."},{"title":"Marketing Solutions","font_awesome_class":"fa-microphone","description":"Nam consectetur porttitor ultricies. Nulla scelerisque, libero at malesuada luctus, odio nulla cursus nisl, sit amet pulvinar mi massa quis elit."}],"testimonials":[{"author":"Someone Unknown, Author","description":"<p>Lorem ipsum dolor sit amet, consectetur adipiscing elit. Praesent faucibus massa in mauris rhoncus aliquam. Suspendisse nec velit vestibulum, euismod quam id, pellentesque elit. Ut a interdum metus, vel dictum nibh.</p>"},{"author":"Someone Unknown, Author","description":"<p>Sed fringilla sem sed massa ullamcorper, vitae rutrum justo sodales. Cras sed iaculis enim. Sed aliquet viverra nisl a tristique. Curabitur vitae mauris sem. Pellentesque iaculis nibh leo, mattis aliquet arcu tincidunt at.</p>"},{"author":"Someone Unknown, Author","description":"<p>Cras adipiscing odio nunc, non laoreet urna suscipit ac. Pellentesque congue egestas risus viverra pharetra. Morbi pretium orci magna, vitae mattis nisl viverra eleifend. Vestibulum euismod erat non ligula hendrerit tincidunt.</p>"}],"contact":{"title":"Follow these clients and hire us","call_to_action":{"title":"Contact Us","link":"/contact","open_in_new_tab_":false},"contact_secondary_color_scheme":{"text_color":"","background_color":""}},"tags":[],"seo":{"title":"Corporate Services","description":"Corporate is simply dummy text of the printing and typesetting industry.","keywords":"Services"},"locale":"en-us","uid":"blt89935726886f44eb","created_by":"sys_blt815d4d2116f9864d","updated_by":"sys_blt815d4d2116f9864d","created_at":"2017-12-22T10:40:47.577Z","updated_at":"2017-12-22T10:40:47.577Z","_version":1}